101ab8b2-1c90-41a3-aa89-7bb80cb074ae|Tucker Gymnasium|1110 Harlan Court$Alaska$US$45084
ef14099a-8de8-4232-9cbe-fb286795a22f|Canton Office supplies|961 Carol Drv$Alaska$US$11667
1ad7af37-b543-4e2c-ae3d-d77bd92e7985|Dudley Medical supplies|1311 Langan Square$Alabama$US$60091
5bf71c75-dabe-40ab-8689-c16ae021ed1d|Louisville Manufacturing|1209 Broad Road$NewJersey$US$53921
623a0285-2e01-4d61-ab30-20f5dc16a0d7|Coverdale Motor Services|1017 Burbank Heights$Washington$US$07842
6c775109-3079-4d09-9404-2d701ae3f4d5|Abba Insurance|1409 Keystone Avenue$Georgia$US$61190
ebc044a4-9453-43fb-901d-e37ea00d26ec|Thunderbolt Services|1713 Pinewood Lane$Missouri$US$45331
8558eb68-ed04-45d5-adc4-ccae00bd650b|Wrightsville Office supplies|858 Dona Heights$NewYork$US$87955
c52f349b-a24b-4323-adce-543d539cb340|Montezuma Development|1198 Browns Drive$Washington$US$33956
f96851ba-8b84-4b46-bd44-11d54af7b6ab|Braselton Pro Services|758 Burnet Run$Georgia$US$86404
30d86c4a-f77d-4753-b083-4fa0f11beee7|Thomaston Medical supplies|639 Mapleview Crescent$Colorado$US$29163
3a69bbb2-ce6b-4e64-9339-fa3b89e7d9fa|Egypt Gymnasium|693 Stormont Trail$Missouri$US$00572
c8d9c5c0-d628-4407-9d9a-e43d2461163d|Denmark Studios|519 Dennis Terrace$NewJersey$US$04337
59e2d9e9-7e53-456c-bdac-b2e7c7a98f97|Twin City Medical supplies|837 Seaman Lane$NewYork$US$50459
472babb8-d697-4748-a39a-761641961363|Manassas Software|1576 Chapman Square$NewJersey$US$44648
20cd3af3-e9dd-462e-bed5-28b927a128e0|Chula Office supplies|950 Donald Way$NewYork$US$83407
48d9ebe6-301e-4790-a83a-911518fcaecb|Buena Vista Medical supplies|1746 Davis Place$Alabama$US$12731
90ee06af-ff9a-4180-abb9-2476b64abde9|Queensland Services|975 Diagonal Rd$Alabama$US$74754
06b05d73-808a-4061-81c4-2ce3ebc18cc7|Everitt Medical supplies|790 Wayne Ln$Colorado$US$34758
79897cca-83c0-4a74-ba28-c0452d26d75f|Dawson Development|1113 Oakwood Lane$NewJersey$US$61894
02bdc01c-0569-49e0-940e-4df5815e928f|Lagrange Pro Services|611 Farson Parkway$Alaska$US$97654
c28d9089-58ba-42e2-949c-314c690ba281|Doerun Engineering|472 Kibler Boulevard$California$US$96392
a9d8875d-e420-4d34-88ff-e23ca2e750eb|Centerville Medical supplies|1555 Carroll Road$Washington$US$61119
d399a9d4-80fe-4173-8476-3a2c136c3deb|Perry Industries|864 Cedar Lane$NewYork$US$27361
c75e03e3-6187-46d7-8270-2ca94913ec4e|Nelson Medical supplies|1587 Whipple Court$Delaware$US$84645
d47ad545-d234-455b-a51e-4b18519cfc19|Manchester Industries|1731 Circleville Road$California$US$33527
1b36b956-274c-452f-9f74-067e4aa586c0|Osterfield Motor Services|1565 Indiana Way$Washington$US$31249
cf3b9b84-447f-4784-a863-7e786addc4f0|Garden City Bakery|1020 Wolfe Ridge$NewJersey$US$21222
466fea55-5f70-4ce1-ad29-d1970baac126|Blue Ridge Industries|1108 Claysville Crescent$Alaska$US$19389
04e3d0db-3469-45c4-896f-322b9e956312|Dahlonega Bakery|1519 Salem Drive$Alaska$US$56896
8a570c86-cd25-4bf1-abef-fac55e048a21|Arlington Pro Services|1236 Dooleys Drv$NewYork$US$23802
f9b4f086-e9f6-4030-a38f-e32494a26241|Cartersville Motors|1336 Cochran Court$Colorado$US$99452
b301c93f-aab5-4d51-a6d6-2b43b718b14c|Austell Studios|627 Christopher Path$NewJersey$US$74544
c1dade3b-437e-4d9a-99f8-9ba23f9efec8|Bogart Realty|1797 Center Avenue$Alabama$US$52490
a33b0e04-7a49-4715-9751-577630909386|Mount Zion Realty|1375 Turner Ave$Missouri$US$47038
9eb87fba-a565-4e46-82f8-771366814520|Centerville Insurance|1642 Fess Crescent$NewYork$US$91328
fbeecee5-061f-41bf-981b-7a054be76ca4|Homerville Medical supplies|981 Mary Path$Hawaii$US$71616
f6d0197f-e7ba-4e43-bd65-8827d62db7cd|Dawsonville Travel|1800 Alfred Ln$California$US$04188
fcfd1684-1760-47d4-99fa-ba16ea7ba029|Blairsville Gymnasium|1547 Kinzel Station$Alabama$US$17811
ba8cc5bf-c158-4a6c-a31c-c2c1dfb83ea6|Tifton Bakery|794 Ellsworth Parkway$Washington$US$20576
4d020630-7f42-4df3-9388-f90dc5966e51|Monroe Services|779 Shagbark Ave$Colorado$US$39198
4892e072-d0b1-448b-8c9f-bbab5aacd170|Ailey Studios|709 Eppley Terrace$NewJersey$US$65698
04fdf3e7-d079-48d1-b751-c13b7dc1b495|Fayetteville Industries|1693 Coburg Station$California$US$37568
aa22f80e-c2e5-4ba3-89c4-46730828faae|Wilmington Island Medical supplies|978 Phillips Blvd$California$US$39380
d90ed205-8733-4be6-9245-038d0cc0f1f9|Offerman Software|1279 Barkley Drive$California$US$27039
d51c3c5f-4145-4cb6-aa25-c91f8bec1082|Garfield Furnishings|745 Webster Rd$Alabama$US$20861
bd5e47e2-5c2f-4b9e-bf56-07934e2dcfe2|Forsyth Motor Services|636 Shasta Crescent$Colorado$US$24272
9b1fcd84-2f9e-4e60-8b14-8099c1955e7d|Stockton Travel|804 Michigan Crescent$Hawaii$US$93998
66570699-d460-4c73-98b6-394eee66826c|Waycross Industries|469 Prospect Street$California$US$29086
